79.3360359064355,0.4714755971468464,91.21312397737957,1.7963213876133879,80.27454120429755,5.620304712340019,4.02164780226027,13.651936417353806,-86.94658540059064,-0.5593190818887837,-90.81685849161165,-1.5691825311064755,-64.66590643955723,-5.863324203258697,-9.247933146587563,-11.252253129594358,1.0201374351998211,0.31679212917713084,0.12915890994717447,0.7348363871550871,0.31897362874441676,0.11812820851498994,0.5151513011258078,0.27209571597408677,0.24640015285742067,0.1426969688660212,0.38301933071200756,0.36386489965979396,0.2127769207131488,0.26103626518154044,0.12039653350193177,0.1302946309776799,0.5063616019297791,0.5795017245280344,0.2568564079850551,0.2639971775691642,0.5988893880428416,20.01991366907161,-0.6447304400959497,1.0270957491713033,81.33456864162649,1.3935824502216887,127.9830800761128,1.9390589031392969,129.2396017259675,6.828885394795163,16.767441048257275,13.37463647837421,-57.90000456175053,-1.4533896095653844,-77.31645673272953,-2.8575530063332324,-41.65877537578537,-3.11026616423601,-23.03410602821552,-14.249706202403395,1.2524236248842355,0.689169424234215,0.09890775488806391,1.487745470045441,0.7755229378712547,0.06901256575565151,16.55982383750306,4.841428491793741,5.005044976147264,5.140097727008149,6.298175221684907,0.40852300877890935,0.23460082239575142,0.3168536436728909,0.12442936954980895,-0.004083085101911854,0.5487458892437014,0.5245329549015463,0.2509717152754303,0.25359093418443274,0.420759378354392,24.436979055134533,-6.543332457009711,132.89689063346376
54.58087348650525,0.9092018752207747,107.00005431716798,2.9280179240708244,82.24473538413469,3.3742411029227157,2.1284202927856057,9.27230734223366,-105.6651851697419,-0.33777594815375467,-111.26285386133857,-1.8462507646115474,-44.56911619841476,-4.14324488854896,-11.219121237273797,-13.83684061416748,0.7517739078383011,0.4466400903096618,0.13581650022488476,0.42053371470970835,0.45705966036465395,0.09850879523378936,0.4595045240990994,0.17006698044196011,0.29306572262738007,0.12069585185647855,0.31189417410805576,0.38549058355128585,0.21275114777888549,0.30283522734142726,0.12094067471410341,0.15842413874466985,0.5934069761784254,0.527140845613083,0.2689801949981705,0.2527186190911733,0.6276214049395322,14.968895023485842,-0.8089233049427822,0.5093651618914866,89.04777236848236,1.4116442580390185,92.97792273583278,2.611124711912701,118.54922585316731,5.331174946340349,16.616219039780802,11.794481225525104,-48.35471645485404,-1.4036451293682215,-77.95321368782552,-3.0580538923582776,-79.12297558254994,-5.185151404787351,-17.900219134858077,-13.270973823027541,1.0372222748667121,0.5692329525111235,0.09524065596278584,1.303155977583111,0.6232858704060185,0.08474642756326381,15.324351259336218,4.468763633793473,4.396931932933679,5.874650582344266,4.4033497693654615,0.5077492373416055,0.251394521810529,0.338874095555091,0.13636658746670058,0.1244365946950638,0.4863023626724946,0.5406983990026376,0.20312798710598595,0.23424490543077248,0.48936437831701707,28.814809330575454,-6.8491959679756125,183.09753434928953
63.145540788286155,1.3014618583700086,134.7384484199813,3.352650076344097,35.704704586529644,4.76358426239079,6.18165256186606,12.382426301056334,-81.55411804043845,-0.6754322929414847,-130.58847225811002,-1.9904140401262889,-88.00541182516238,-3.2272010859805507,-29.460223425874347,-12.737341483442705,0.3617801087153111,0.16615749228322335,0.1988972616369708,0.8523587620423636,0.3198178303877325,0.16162399784215045,0.5388967490025619,0.25182559536931876,0.17945186804563237,0.15967839841373033,0.33926730276514283,0.4953729461541193,0.23671748248884802,0.20871391567507314,0.10116660800532369,0.36428949384421866,0.539506396883941,0.4912760227019237,0.25548240835053404,0.24413665536648946,0.5584084564625333,32.561204183145286,-0.6993025082596653,0.5341797600320547,73.0263015061812,1.265742678826924,156.833888429922,2.139643154980411,108.9429958989331,7.772575444495548,17.130222833653967,9.701487041239123,-9.892417812708928,-1.5382205759829501,-47.750580351930644,-2.9271925582986693,-69.27249831758394,1.2023308883143526,-37.912430494753465,-12.758897007156797,1.026931108754341,0.6303815802178934,0.11881110231398267,0.8533437973563254,0.7859931745060651,0.1256653178165944,14.503940656133052,5.499856467553247,5.170953192549771,5.236981695568169,4.047672318050207,0.5350532718649139,0.23118909557690412,0.28907280929616946,0.11537719233829113,0.2944303404525921,0.4474152466283765,0.5088311463346578,0.2213534764447154,0.22309355172253237,0.37904591884052524,28.348126024799253,-5.834408297112475,134.02694811415802
34.87587906968707,-0.009932965041397734,85.62190773294891,2.945657121395165,106.73320710689828,4.394851592285597,-0.3260329457734077,11.325230974889381,-91.62340343755045,-0.7924087580350082,-110.56898199239703,-2.2886728520806927,-47.25488620932606,-6.187491451662107,-14.86010032986379,-12.622762836923657,0.8122460973165827,0.517033364450878,0.1540019324730429,0.6269400542575874,0.47597261773851907,0.15015865941993675,0.4887479172214878,0.3245357000686151,0.17027754838749054,0.09783993374961622,0.35565721790028626,0.25764561503066125,0.13890143736642221,0.2823752715118374,0.13075413053254645,0.0487718929926691,0.7180007105004353,0.4724592951655696,0.20749828396206121,0.21434677272872762,0.5852839922801987,21.671679876874883,-0.5487365870231632,0.4024541558846445,84.62522287216179,1.3189138143370427,127.82876121464649,1.9336174842501082,102.5054625162572,7.540349126487273,15.665932095782544,13.640949408118098,-67.00566395881818,-1.335675324713307,-78.35726212285864,-3.471498721765398,-67.75000388245303,-4.369303817890472,-28.171069046899746,-12.49969934188788,1.043995294922895,0.5199578716530414,0.09519506837365241,1.4339549036165762,0.7635548251997555,0.12929347503058938,16.85048292104061,4.686519585741278,4.713231969332699,5.751733204154587,5.432199396232269,0.35371125066480064,0.2011353600295455,0.32889485503568067,0.10270669381946695,0.010444539730849078,0.6278633593948633,0.5108112275611252,0.20409696663891533,0.20547985011492964,0.4045299256917276,25.06425795217992,-8.142918612479354,162.0398474633127
81.07005878745137,0.8208431106764563,105.70315997641849,1.7075060199073198,91.31017264792501,1.2301432796891927,0.8866236699475429,11.557699908419792,-102.79742636145113,-0.6587588806249222,-108.65680975241533,-1.587858174625739,-98.8424592127688,-4.023140990565496,-10.244407915741288,-8.838785368710557,0.6123797052507558,0.3874573351330436,0.13529930964666856,0.6509400341458738,0.515259690685472,0.09771780272214856,0.7247158806254733,0.22365649197595436,0.24061566186740724,0.11741548855968072,0.2322142782699636,0.36520287366925286,0.218734071196207,0.26906674622953597,0.10927877383063117,0.2210975001327119,0.49774873847227963,0.5720106721997942,0.3160522917954355,0.3163300436309805,0.5891572037566473,14.542949238643864,-0.9043662273253927,0.97016644630087,68.01703708662863,1.242344774200654,124.07824892504307,2.785959565429957,106.423527331292,8.368490665440259,16.028007203905005,10.23749386042187,-18.427782713683918,-1.7550088220143378,-85.14523481647434,-2.6465669738693625,-42.25780900146839,-4.8767598737872255,-20.54098958937961,-10.669166060346472,1.1764627084603512,0.6965628514250058,0.0844458196970089,1.4581308672375866,0.7486592031882799,0.085643975239465,16.673945269201162,4.415984641418627,4.923821532270987,5.030463096567559,4.803032411803285,0.40698494847335887,0.27514178661196137,0.25366430399771217,0.12259090261359554,0.19606396231254666,0.6017684589448535,0.5465236344652472,0.23215026126186467,0.1983456053725633,0.4155461831839992,24.83454667417642,-8.175810946483054,118.92355771909558
54.56050459795745,0.6993537065390123,100.43555209215589,3.037278410121012,99.68310820075318,5.334748549524066,2.210436318523211,11.40713619430276,-92.20977238540257,-0.6008453424817416,-106.12761756691039,-1.649972217661651,-108.63383151196756,-2.698956630747172,-3.121992110638139,-7.225927066917823,1.2503237533476108,0.34878447416373515,0.13841201404025158,0.9598435598209683,0.41434243367452817,0.09546932492826306,0.4947929134230615,0.2302517255266126,0.28084812276002863,0.09425202773349581,0.2862309956363297,0.47800755108769183,0.20663437138038995,0.21450215283869867,0.12811268313564603,0.23034042680813227,0.5818310593380119,0.5431419506547118,0.24792845876647307,0.22072972516236872,0.6645188624621291,21.86508753025238,-0.44044323400500773,0.30773622898022057,78.96595438934389,1.345471669306805,100.46812961411955,2.538469922496934,121.01613014811323,6.966309695366575,14.163127446465634,13.713646969756086,-52.92909284454803,-1.3380904954370858,-69.60087988544625,-3.0645220651581235,-73.79128325078362,-5.781430456992715,-24.110292630716945,-13.182479976708715,1.1251336641781884,0.7300329791096899,0.11831462714114038,1.2452417448561446,0.7769411396506729,0.12705067971032805,15.336420196564127,4.853619344377462,4.2189409359756915,5.3970370046123355,6.037148144927258,0.41363158601720085,0.22176118993339955,0.33174788773947633,0.12001188046630339,0.05913045653332599,0.5352023803983877,0.5397838758329606,0.25635812187968654,0.2680133682747701,0.4712150514900549,26.15834486253571,-6.1494447481367,124.45170108857351
98.34104030474103,0.6589685515301689,85.66046183416032,2.884453402163734,88.5404152194234,1.8010962567169067,7.30689608443518,10.370822472882207,-90.6082130089007,-0.6809603057759338,-59.55555705059587,-2.2017350849278787,-109.92287391522643,-2.866449451011903,-4.29054235720929,-12.36463872074515,1.0188051403878653,0.3055920025111836,0.13971361610226735,0.6705087368953514,0.2906947789494078,0.08908318796119614,0.6962664596351855,0.2990913203456531,0.17136735391703722,0.1626453993046944,0.2705267649136702,0.5920163496890428,0.35502938430210085,0.2869828041804242,0.05469705933714407,0.38959561694831424,0.5396618657342791,0.43113781802988843,0.15508053045844417,0.356833974853872,0.41880178599645057,23.196119610478,-1.12073732768919,0.4660705581400806,57.270908303757516,-0.04964467529591521,146.56953085597348,3.225531156587069,44.08579172889014,4.667817167662663,16.103767164627516,12.255954511104356,-28.320727721678978,-1.7081547871010547,-99.95419185991013,-3.440676520445824,-21.264134046048696,-10.142881716357959,-23.002139266373675,-13.8504481286806,0.7900375269488589,1.053389330664941,0.1658489726074988,0.8333372261718028,0.7520145286488183,0.10408676133418399,22.92389498858691,7.774729419283473,5.7967109751662775,3.9180655351279228,1.4946202154467945,0.5919742510574991,0.355189333568356,0.680615729098828,0.177167445297777,0.323140357417427,0.5305122708508424,-0.006397628177962633,-0.07411710750655504,-0.13589958742356106,0.45638336365957655,32.57170693682269,-6.350204656488708,122.86355151896075
64.65515948560703,0.6693622331524205,98.61161498484627,2.879990255692273,114.67240937128301,3.816804138271154,4.151440691782851,11.562819850658542,-87.6575235418306,-0.517896744334448,-67.83623644413008,-1.960464837052735,-53.12912346208138,-3.896725497816208,3.9545937116524144,-11.662319699322826,1.0267524902515903,0.6925243012578245,0.164499758056841,0.8612781275653507,0.48593468210391666,0.1141550940746759,0.5755971062193868,0.23699411410869717,0.23514792808534593,0.07507262729808474,0.40084878820570335,0.40655979440818923,0.2257878184629208,0.3277626275583594,0.12712118773363582,0.23604684803308543,0.6044602294685045,0.5692654402674369,0.31660779447139303,0.22178530600768465,0.5651561790588793,30.337321010139007,-0.8204246759204916,0.4593180565397915,73.66414657210022,1.3490078207107041,117.7776302668901,2.537271341560049,124.16792883366873,6.3325734335194745,12.924211333404752,10.975720867262062,-48.596337308297905,-1.6291594440358665,-67.0644646809806,-3.1814632484149787,-69.01728392912545,-5.160597861718225,-18.21664435090508,-13.880405647782034,1.272190506555978,0.7444976722539838,0.12328984045916688,1.5052856010382227,0.7848895128379592,0.08876769056766906,19.08768421733115,4.306932074921248,4.584517101057508,5.2830459211232235,5.7295552122320474,0.38180232865977815,0.2515693897841049,0.348978736492031,0.12174192108524313,-0.002516963247802151,0.5929702080635331,0.4781807637388149,0.224462303100057,0.23425017086282737,0.4997119949966281,32.10719908469871,-7.617425540938749,126.79259877465634
66.24292820429498,0.5949014324357497,76.48812328970784,3.102156846658346,76.65677159597553,4.1084917582484906,7.336202368340406,11.27972653561455,-89.53676552517258,-0.5952639824874664,-108.71330796429456,-2.2610224242407386,-77.76440547333945,-4.709244596994584,-15.556009393143206,-12.501075852556712,0.3503589542820875,0.3673859959287986,0.16397972691416307,0.9120389753028606,0.510994341964033,0.13935309341502666,0.6026658747970657,0.241398788439187,0.23885091129851893,0.10132613381575567,0.38198571186287666,0.3943392807596582,0.27372963311758447,0.30213381598667005,0.09696867009751825,0.1786916509095808,0.5202182828313021,0.5491054723539239,0.22174473136255338,0.18510671219574573,0.6032489593183183,22.369723819717574,-0.7825490223552298,0.5282885723517238,71.5600164928634,1.3301846041173389,103.72738498326777,2.3218302286723644,112.27618185527183,5.9932336876175585,13.075883675438332,11.575065255156757,-48.86238005445546,-1.2458248769722255,-71.53827188030307,-3.853695958025705,-67.36777466152694,-5.847996608744452,-25.957692951125885,-9.94177477208111,1.1636482875357235,0.8260283675731678,0.12316942825565029,1.4131813803836668,0.8187153919671347,0.08362205077923683,10.87789012705373,4.700697444758853,4.215565517004,4.748720857904671,5.699403661163746,0.4322673343608131,0.2515425083365029,0.3898846298181905,0.12256866309420586,-0.08283334534585002,0.6412841006598434,0.5171452704599551,0.22462220620044315,0.2874931112898242,0.4375680980188858,27.027999780502633,-6.555049433011703,121.25759649459116
73.24061136753876,0.34009203441405655,131.49605876185274,2.8694857187782254,75.05901688305508,3.61380787292821,4.587958829781126,12.984889003623463,-78.71279034854227,-0.3679856826610012,-126.09214768458838,-2.4557448985038763,-97.20386078413048,-3.161164899909806,-11.471071827593164,-14.95764397382236,1.086599062353275,0.45207941942350266,0.12521703785900448,0.9303502096334924,0.5208614899362141,0.14230021082416888,0.5518364162947215,0.2755807406401919,0.272696543675769,0.11539425600876452,0.2918553121570381,0.34992979504263777,0.19424839800442223,0.2975359828034315,0.13463073829748812,0.16190473353006649,0.3943436625444747,0.6007175508770695,0.21992330889424164,0.2638091461689156,0.6858954148597567,15.421001694527613,-0.7981335989612359,0.6360176603057074,82.19113709570675,1.3306481004514314,124.52172339404092,2.6358556628508825,113.1840535165314,7.710048444285975,13.74532875680763,11.000759367953922,-23.541969534806682,-1.545937898614095,-71.34391232983859,-2.8000322717001547,-53.07670421589656,-3.2727463256516782,-20.43301343348338,-13.506186074066772,0.9583549735066896,0.6754044791537078,0.08661885120638631,1.313314801327913,0.6352758068958136,0.08319035494207669,15.826327595679974,5.03274090763019,4.310138216370128,4.785448639235505,4.403887398125319,0.31220496126962705,0.30170384381848125,0.3509265306016597,0.11200142728451518,0.12313298271510675,0.5689182931715773,0.5141755643126038,0.22811236156658435,0.19037983805752925,0.3807887081517342,29.120204225448003,-6.4701623251789195,118.8481789845609
82.17856972882836,0.23103874446934802,103.10767942611635,2.5295937669422948,72.24548706115391,3.246246068653835,3.4327577725533303,7.402260563886478,-87.99783715580232,0.015263084810848815,-109.45962781032544,-1.8481671034590872,-80.30651207317791,-2.8749538226639872,0.18329534820757942,-13.747051083457185,0.9472097095128351,0.4388129573758167,0.13496938847674683,0.7032181578267845,0.4208584094278187,0.10737155559698697,0.5510660000548473,0.32965300935826275,0.23240075905434882,0.12738849134432748,0.3417984530456006,0.31624266897764164,0.18498053398182857,0.22145640670526412,0.1552642488230477,0.14445624125494022,0.48661206963148435,0.6028386901068556,0.36389646664469233,0.20345730207085316,0.7083968301771879,28.74936353165249,-1.0010196453089535,0.7547631417430158,86.81827644481166,1.5164353059022555,108.26112958071863,2.057301337437749,127.27159036795412,6.45067152167154,11.826519823852571,11.560550684335105,-41.91301789958423,-1.2924371176851073,-75.605262136092,-2.809108221108679,-52.077234039351,-5.630818303273833,-24.739713598764197,-13.676259427189338,0.846499683505598,0.5550928454736455,0.10052320445618612,1.2023139075751181,0.8119659431468651,0.09246859383029477,18.431728472324792,4.56489373027542,4.497260580743323,5.482785967861311,5.563258877217754,0.40752839644798666,0.18845036517298652,0.3145727417138243,0.09214326851932902,0.01669468575273808,0.5600202763107534,0.5711520205528833,0.21254578088756917,0.23003574675889682,0.42941117893499836,23.19537698820827,-6.823464624035571,156.31182573985262
77.86549221979816,0.38945682597176046,78.5289784850832,2.364442105458125,95.30898655263546,3.502090644987767,3.5649270345060504,10.082616143802765,-100.46130365185988,-0.5208516227326089,-96.17803636476197,-2.3619773163260995,-67.99236288656802,-3.0310566738891853,-15.991508545012675,-17.378483344326206,0.9596804877838707,0.48929077679255034,0.13945470904388907,1.1734455285689207,0.6036032968767885,0.11860452221539552,0.5909317149306084,0.2693338571356785,0.26460163725032504,0.11129574178327094,0.2840833214822838,0.5139992736445397,0.2501935401328242,0.2586522702470091,0.13885112358914173,0.2120543137886403,0.5544416602551892,0.6957700287400959,0.2937106642166468,0.29438316270056597,0.6714262108386688,23.87042753739895,-0.621867924966099,0.9129450504858949,83.66895756804541,1.5370009638711708,111.8137958615518,1.8637589218061728,150.96641718860016,4.51193614370529,14.137998833979072,10.533223910790447,-32.07660697514765,-1.314564404712085,-57.685526911705864,-2.4613150684917686,-27.750744751386478,-3.9537503434869343,-8.570227095569933,-12.951175228160974,1.4155677755378604,0.6304581368129909,0.09884401540173751,1.259908057333381,0.6545912717269267,0.08908285416311787,15.939340514199854,5.230396779152961,4.266063780142065,4.839607775321561,5.545600266610474,0.3648972445698889,0.20329806948404017,0.3155529434305145,0.11626711952383761,0.011226249656968057,0.5997246420036372,0.5230902253193224,0.20513993946093156,0.16310199016918886,0.43958067153116204,28.237288739677403,-7.252234446659073,154.22283713351993
75.93879628078419,0.35383688508089095,106.87936767587591,2.367789811721723,88.16136624581102,4.5075422323516605,-1.5016791197398156,12.36200888593104,-102.5383113540704,-0.6502302632553183,-110.05854987128119,-2.1087808728900193,-71.29874137421879,-3.112982698154679,-12.628876450076284,-14.425869635113358,1.2397582328679835,0.26021264481254386,0.125037943733795,0.8803119732242778,0.5026465491037037,0.1365435007615652,0.5515983632191632,0.20325889243624076,0.23222810836270033,0.12516363904750252,0.26688301425127037,0.4029199951869314,0.2045284732355835,0.30165327576970086,0.14827964834381782,0.0952760563193743,0.5595491306860819,0.599670560543893,0.24571947306926306,0.17987938384321972,0.6769574103992404,18.614916117164583,-0.6702362031749449,0.6746360056641364,85.96378645181623,1.3827481368098204,122.203454198764,2.284446974225861,114.97710004751906,6.611741767031347,13.36155449944119,11.858116706669193,-37.60967255753825,-1.423421677936857,-71.62030176179692,-3.115359852616039,-56.37391448887388,-5.6802683353437775,-25.428079779154416,-15.226644179039363,1.1944303334743698,0.7103794115854657,0.11276555060002531,1.2446632399235311,0.7652681681408894,0.08633707187803828,15.962335234440626,4.969547451966045,4.596034540504429,5.1968757232283345,5.612568302599948,0.4324635409727644,0.3004926544705995,0.34836517511211806,0.1072334406041486,-0.011104133042433018,0.5578229306121899,0.539293635988367,0.2528775274441577,0.23225720483005297,0.436329751123694,26.68754821212611,-6.786603815662229,145.27355230142894
79.77448662471701,0.8503724733016802,85.21124503254555,2.070146023783604,112.45560576709367,1.8035280549809123,3.948132677315032,8.652288572504165,-98.43542613025016,-0.45177882870216546,-99.53060539489532,-2.5219867603588924,-116.43255987555256,-4.052745210581263,-13.621090381825663,-15.553005373708764,1.1724340435507827,0.2972916735787712,0.13968022214932693,0.8124467837102021,0.38046940565305,0.10219584432588891,0.5792454982330354,0.22450949232761208,0.26515021195998495,0.08743731339287679,0.30128175809804647,0.4832289198350437,0.1963716166695669,0.28887101684958194,0.15460884064031996,0.15741026430521177,0.702589063967456,0.7224455577238341,0.29787076819276875,0.22059254676425075,0.7212839099289585,21.228441302849994,-0.766329822368689,0.4618360418283176,74.2770154639831,1.5023114848756316,120.73732247738461,2.0878312030821324,134.06478995638722,7.120999069015245,12.135538710739278,13.734556265574579,-34.764677940816014,-1.790215858924912,-69.21785160754592,-2.6038767562621525,-49.953274177620884,-4.249587974926886,-25.66232256586288,-12.433008528088067,1.15183152913983,0.5947252594487751,0.1330081722265314,1.2064805287304914,0.6985375135785501,0.10569929874549877,15.239203590833931,5.049340863751236,5.357158263261529,5.4169347990706,4.531637968083639,0.41546534188059314,0.3036945951468209,0.3421346449748586,0.1050266013171722,0.08311654284119929,0.5521645368080195,0.5224298287395223,0.24621231172944738,0.1663402308829438,0.3423654519528869,27.81272886767673,-6.714797154075756,116.50624206960121
62.74231993336028,0.6286036483079288,92.7170415371339,2.85580945188182,81.84828969006865,3.754734392837453,3.1833148775831717,12.264438998856212,-86.91236004934835,-0.6942194998636249,-97.27523984246389,-1.9791086108731601,-79.41011224783813,-3.2075700170793855,-11.997919176497252,-9.95917996429816,1.0238731261130112,0.3725256804315408,0.12979291007862206,1.043241082383036,0.36398478374067167,0.1165625047600131,0.5848008090044444,0.2607942926989804,0.30851352548326205,0.12548767087860674,0.40941288051609764,0.38087335385542953,0.2227194536439582,0.2369876383371626,0.14117629843274912,0.21234758497233758,0.7066201689532274,0.5396470869459538,0.2658310532380092,0.26181576391101136,0.5882451752104355,22.240014044444127,-0.4817868687859953,0.6029230308586697,82.37095862056341,1.580392950269605,111.04302185381609,2.4061244167815827,106.02140752748272,7.261634590040633,15.3234776743328,12.601304301914302,-59.24895906411002,-1.3779435836596678,-75.00418817944583,-2.805524953143726,-72.41151682327096,-4.965586334196157,-19.615096650648276,-13.14113250353634,1.2957651335457216,0.6785045016402556,0.10497506116583268,1.293232019912747,0.6684888870636334,0.09084351638583507,14.528265592187694,5.323844278385296,5.017069559823922,5.613424133705688,5.722773884523947,0.48583728198317916,0.28228975751916047,0.33289810748081716,0.12684772675795886,0.02880297967881862,0.6255149790884404,0.5264052332452851,0.2530827410417937,0.2448803853616352,0.4626522090281363,28.606159769459715,-6.461540870036489,150.6961100170182
70.59113165378007,0.9390395426268212,112.3105228777773,3.1323263865910143,134.76424971086158,3.7122887744202675,10.283520791470083,14.157993171000518,-71.92259151341608,-0.6786836984098478,-103.11239720661857,-2.124182251263414,-52.777135634170776,-5.799692104327076,-31.379138316209712,-15.507847336581472,0.886538680403232,0.5533239641594627,0.12124599802355669,0.7822820908792762,0.5487450856996172,0.16117546622085216,0.4659308486265964,0.15784646175870792,0.17652207171801193,0.09946480407993218,0.323690689571815,0.4683191560233418,0.2935544235684261,0.2577651830298705,0.13186444464844443,0.3416138740008408,0.5715266061078499,0.7400282333931595,0.22657091200700352,0.11387066287327197,0.6040423077597246,30.320125215767213,-0.4656763030200526,0.9316450957532472,35.89552953301939,0.39852371724888924,174.96138158591347,2.826046208787285,109.40678363357931,4.52038161885825,17.574847546898393,14.727352909775508,-26.327035251678318,-1.3507351543239718,-51.825158371757745,-3.4045057443603097,-25.03791494472553,-1.6976199100857468,-21.32515213214244,-13.545766857282889,1.674813847735387,0.8790862448948883,0.12509519212731152,0.6283365554822601,0.7407371571468745,0.22525486623793367,13.731965150610886,4.910164503758736,4.481533567061591,7.3268487102881075,6.2992587930514246,0.44217216560057526,0.3821654204936118,0.10035294049792484,0.07342722339008943,0.06627808286922243,0.19428928055995448,0.6770914930412055,0.253156457202457,0.19327222302367908,0.23685364073054158,17.32698683839213,-6.277009583129056,175.99149513511713
67.49225467619377,0.9901890378146357,102.16377044020794,2.1078534453694067,119.2242394541425,3.6633029350309405,0.6322825379275017,12.059447319613863,-97.44070855846701,-0.28720353345885385,-82.4004193294239,-1.3686195881214431,-72.51507911718646,-3.0702876347689623,-14.221515118102342,-10.039768839392462,1.16734319473214,0.3481325306283735,0.17593697909275344,0.6994436741100505,0.14690614271191016,0.13850425043940934,0.47965977687241124,0.2497238557114331,0.29982265547452747,0.13034891044697536,0.22869606667550568,0.3131828986714206,0.16495828959913084,0.2711762457287109,0.13209404535854588,0.15018240788205586,0.6563580041615749,0.5529761218995765,0.26205435557377915,0.27540349209065484,0.5591646004577746,21.94581492590916,-0.5221888222363904,0.8338848573258824,79.77322867469539,1.3219199587221364,125.63697196330226,2.605403393197789,112.9582703238514,7.087525473279782,14.013138659114775,11.760359859751055,-49.5531558879356,-1.2191014216774487,-70.24302005151526,-2.7312144049254443,-59.24294073899646,-4.389111543521011,-21.68632665784191,-11.315996286606406,0.9334057892551346,0.7361207872646334,0.11025546191567194,1.5256171049333989,0.8147632023966946,0.10792969259651733,17.91254246888912,4.796974418982772,4.349094098541776,5.512155999291491,5.168348382844234,0.3506240449343804,0.25216438429958415,0.3827562049786195,0.09264556296037316,0.06756506714535349,0.6250951305913635,0.438418681962423,0.2358747287101142,0.2612501979282718,0.30742569591574054,30.999144930512095,-7.372937589934085,135.24229164467963
63.66266114243852,0.7713314413355291,71.38836929821935,3.3849368742116894,139.17484835347892,2.691882666962765,10.92691496668114,10.161854004945619,-71.90194545133066,-0.8551477892715509,-106.09342128077296,-2.3179361638096823,-67.87688344329247,-6.056780471805453,-24.347135402369496,-10.245488016505178,0.3552364142280927,0.33131952346111665,0.15808035950155633,1.0746611651726115,0.6718866351309812,0.15016122285366984,0.5208634664266301,0.23587839629980376,0.24253477268549006,0.1530302379585025,0.3516443324950639,0.481929743746323,0.2968792706525576,0.2822717641467636,0.10146826204629585,0.22990498872886522,0.6449982472200271,0.5431109122965022,0.2468461361419023,0.23224467389004574,0.5731162677696402,23.271346014703994,-0.7132348470513709,0.35475875900295084,89.84264516936098,1.2469146124961317,126.57201096510376,2.2212062413247735,135.51501516913277,6.397958316010095,13.88819534574763,13.192708977082692,-33.880085809842186,-1.5173043384181542,-60.89704804086585,-2.7855980480377736,-15.327235055504445,-6.4078575742842245,-14.660477196098334,-15.121072329810032,1.9604834276991538,0.6284756327689063,0.12708317128019134,1.181834140140326,0.6527428289582469,0.08297391812691246,14.353203648516757,4.268566500206762,4.1859488482433544,5.030950841947037,4.921917649788489,0.449409362876152,0.2900611285952327,0.35236939750523544,0.10064008128403168,0.13047161979870414,0.5209214346879112,0.3826252861498257,0.23114802631810974,0.24005891236737686,0.41063436481757226,26.897915965935322,-7.395775716526424,101.51633546789158
84.01838612281192,0.9379871494536309,112.30175592125184,2.79877235215976,85.24002664016649,2.357215957154202,9.657821237794238,13.847478027294866,-80.33641606992401,-1.3139860181157204,-157.1079228672651,-2.0606590132832157,-114.78255068119103,-3.3235169920557213,-28.90650162446383,-9.204296655105852,0.45433476093786174,0.37789572755437617,0.14442444977484745,0.46148353749995874,0.5736294620014579,0.1536681387645251,0.5988814128647918,0.2877264347311934,0.2807022149122711,0.12589310903888512,0.22439365159868885,0.45344403321229904,0.3120032718835967,0.23766784938823,0.09690700907398467,0.4263357828288485,0.5764822103533858,0.43238683481962537,0.34936430048195904,0.21752931156506472,0.5601938541863163,21.988492642802893,-0.8589443752221564,1.3331298964342437,50.29801777430324,2.0636803699820527,125.99082870145523,3.5722328169547506,100.60173794964209,5.840168976744417,12.533508867467438,14.007818176003008,-80.87179110395981,-1.472178196730661,-46.315467575195825,-2.803745789931429,-58.00166225596615,-0.9229050503901668,-42.44119365321913,-16.03147191295614,0.7200424938825636,0.6923037413040869,0.1196347273286002,1.4047047242752542,0.4773219382664987,0.23059948378985873,16.85335119888926,4.271271267681577,5.572417432905318,3.612678730682595,6.01869417630926,0.5677069849717082,0.2666780104138934,0.19407305563965152,0.03203926995992222,0.3773075967861391,0.0013307910914565069,0.8306465843075795,0.2749783806577576,0.23098615724480376,0.37447995633740794,34.01496108655659,-6.495610998458553,82.29101693758892
75.78007137036577,0.8208167835266333,97.37460254597832,2.801060043815886,53.96957750928927,4.267538985734678,1.8526640960962837,15.054862944600647,-92.35093463875505,-0.9431636747820682,-64.16354505921093,-2.64538623426092,-46.79084840324795,-4.977608618129798,-11.765568438237867,-11.948031925940253,1.02138936277403,0.46358715812951423,0.14748900313670105,0.8845146197414784,0.31013670468984783,0.08751623713034914,0.6361789812315911,0.23920795209089915,0.2691035802452356,0.1251765947781881,0.24188265711674087,0.3803249175329939,0.18130830654179303,0.27341890530531016,0.15108688768376977,0.2042816921121388,0.5990714740410108,0.5846258249145966,0.25188556662878164,0.29837948813503123,0.6121306374944173,15.770127588960873,-0.7167554826087131,0.8249125601982883,78.9807807450824,1.2724436303117423,145.85520371417613,2.553139721778788,119.28275622563007,6.358498755933239,14.999022738750186,10.366316738635605,-35.752500199856186,-1.6740105361601525,-62.672687363151994,-3.4632153590838475,-56.30894175670341,-5.220907848291796,-20.91257721500286,-12.253983945853786,0.969906381382788,0.7195274050847116,0.12550173919879332,1.4975959887662758,0.9284407006214341,0.09945727208127463,18.509663876961266,4.805072093738314,4.463836173339734,5.411699850082904,5.537945984988172,0.35464572622341617,0.26015080695647236,0.33114485722335596,0.10246212838817235,-0.009608263236988046,0.6035296056108103,0.5155720134798774,0.20607940481675327,0.24119527574322217,0.4785355979814193,28.97372829832923,-6.175439363770257,138.6966884313521
65.26175745730868,0.6122600308256654,118.41304238202352,2.4608577086177674,62.900081070349344,3.185239801948125,5.704763805353421,10.502825530358361,-103.41445263303748,-0.8109617917101195,-99.86021247672073,-2.1456832128666496,-96.24124110524933,-5.072189008849492,-11.353098592924567,-12.138730755631679,0.8169233319892362,0.34788831161007916,0.13042732590242995,0.5822947292380678,0.4638842876009951,0.11137065078459585,0.5218289808797673,0.2410770426925091,0.2903049743285005,0.08878623358778795,0.3259208786430346,0.28488923784505094,0.1250738424416608,0.32133838128403935,0.09781093196616743,0.14863665466224243,0.3925966471567185,0.812413287404457,0.23070288751138202,0.19610634126423004,0.7210918601621628,17.67148915858453,-0.8453168773555986,0.9687009932736055,80.64427707433336,1.4457275198561854,131.05335892587073,2.445605534278311,104.87721487747496,7.121373191786582,14.800252434851803,12.182023730561234,-47.70592549225188,-1.4885377567709899,-75.21808109544105,-3.322022684750963,-52.402409469551586,-4.130946003062541,-26.33892464534121,-12.514955229274872,0.9582849985654383,0.6481846258823415,0.09494426735136813,1.292575226288654,0.7833185443304698,0.11048003049760899,16.1134602216693,5.330514744893369,4.422890512168354,6.171956332661419,6.539648130764439,0.41868612329881083,0.3273372440052661,0.2849016172863414,0.09558859269294062,-0.026825834856197384,0.5789195554890769,0.4879919345800502,0.20855055896951497,0.1986108168713278,0.4544198418202216,26.244919604058563,-7.085295251440534,134.70022986251107
60.1802740201027,0.2738002711595888,113.31892795321222,3.0717240351238226,119.03056843719234,1.1889135604040098,0.40768416638148963,12.673694895994405,-98.25577767727202,-1.1569735488030828,-67.21972918655494,-1.2530545175773262,-56.79409929221472,-6.005348941899753,-6.385751993221021,-13.526325415332241,1.153506173419411,0.43588302197619466,0.12969272821980082,0.9366500224889004,0.5728406859892176,0.09515125129938132,0.2809863334256427,0.22595443834240847,0.3275944753174929,0.09272394433241923,0.3830814767075616,0.37636946951372996,0.1546315182451376,0.29136226037925,0.07332727941835138,0.11846692723602326,0.6518067297781482,0.7102932091001921,0.1882751755214866,0.2549260827885647,0.7015624357705024,19.720365979523336,-0.7362835922736756,0.5891558645408843,89.93745763584772,1.548693680807614,137.28307293770877,2.7972040559534523,143.45452743755183,6.641671588738312,14.633760654685123,15.357409990964896,-53.24616175803501,-1.3873804856759013,-88.75444706485168,-3.140952644306946,-24.23012056346981,-5.034009243719487,-24.363511785150777,-14.20804696041521,1.040594235649593,0.636954015868499,0.08893612794460234,1.5261471124465116,0.876293899237772,0.1257172792799021,14.419368028841967,5.226819059060762,4.3739136817195,5.6424366699429545,6.710037649687545,0.35437164664824694,0.21535467586186172,0.25518504386775376,0.13225199925164258,0.07215244278464422,0.6430502356247753,0.5841864698748804,0.19005583936731035,0.2754611833524051,0.449424469332971,28.40235994578524,-5.8592556024184965,157.2757451641
81.3519323352634,0.6802048619611285,120.9936037256069,2.826600160475921,116.4764305761774,0.6103118503749787,1.8954872972353378,12.107937814511025,-94.05607073612168,-0.8349763274749615,-98.1156379269688,-1.8558989695250827,-80.6739636710304,-4.819825677189218,-9.50250259306765,-14.649712995276854,0.8233534038299851,0.6059495252973665,0.11923266135872579,0.8661493454457394,0.5771690813660046,0.1002086982087932,0.7351242594518019,0.25268760238485855,0.2994400803865328,0.11877888868888753,0.28302372186578084,0.4673259292524427,0.23497060408961296,0.2275830173434683,0.0930588069490978,0.09229387705382608,0.6187123721337217,0.5692235939094936,0.2824627396167835,0.3323646741665487,0.5351947526702007,13.50050443430972,-0.601572170425992,0.8418888691136008,86.96865310429976,1.2256048662419916,131.98793650914956,2.457914198396636,142.2553387157562,6.076243909557835,14.350237575339236,11.758607026138703,-39.938481892946214,-1.6356186054408548,-102.44031249328485,-3.2658169235512733,-37.843217384446135,-4.173561365200857,-17.265581224533644,-10.913315684105603,1.0254789555180728,0.6762614973268801,0.09315734470861786,1.6819797136058678,0.6034566798204165,0.10244318560878675,13.367312812426924,3.040967875356643,4.482301211606057,5.321702513727449,6.341263118376998,0.3547019832039615,0.17084564971277344,0.32055316383601085,0.12293121575765192,-0.0359401028621118,0.6342317544198331,0.4807987941581904,0.15211238556484324,0.24195682349516043,0.42237226387078813,25.703370208581983,-7.642372612360208,148.54061076256667
85.70806856617271,0.18990603696947606,68.08717438199307,2.634738902163473,102.58274867120818,0.8305974392729842,3.29769252320761,9.197143264631245,-75.33490752973161,-1.0264669969011926,-125.55490198378757,-2.932354858992074,-106.77300374432599,-2.8587903203712686,-9.868040873215044,-12.960298033426346,0.8860973534166403,0.39321640063537483,0.09563990288838176,1.2912575022435675,0.4862079997471567,0.1144997027067948,0.26632680887281446,0.3147638854487962,0.3021980574062527,0.1476367049203084,0.11151864890463442,0.35044913292451974,0.2831159694992918,0.25031306843678536,0.0965048267800381,0.24193451126525614,0.45816099289154005,0.7083305871998333,0.3087803197483098,0.2563107532253253,0.5197507505903769,33.03325021607345,-0.9733927436471578,0.38759122533278123,76.8171720378011,1.3196752231130782,132.49806032030895,2.1159043242165767,78.60181274275686,6.125195102907502,17.019835686494226,12.910918457259774,-57.50991245700052,-1.388225726147218,-81.06163350968292,-2.81746917969357,-61.235084520296255,-5.703301138372363,-16.194549210417645,-11.771504382897318,1.0351909231068177,0.7604990398591476,0.05864047296546783,1.523770738890986,0.5566480536738903,0.08471476571162165,15.264498475919517,4.354880729479903,5.9582156277379,5.281277844122614,4.955655240110685,0.3479076364451901,0.12366940199208287,0.32591863893831174,0.096499581604015,0.1536911689601997,0.6520560551690071,0.4846733239870555,0.21042865829588778,0.1869589699898706,0.4102276100552543,23.868645252589502,-8.199048137537146,171.68659343562496
76.13777399476136,0.2561867151082289,79.11482650974104,2.5912214920167145,79.14830620489195,6.280673040921181,8.57478430660825,14.771083737429949,-97.39044440396039,-0.5221007776568489,-121.14122270749765,-2.3390034203809007,-77.7027998092162,-1.7850155383998692,-23.308197751181254,-10.942139766621866,0.877999661392648,0.4934511603524299,0.17220004333818878,1.0935848524411274,0.6126657339677951,0.139358497410464,0.48335638918308793,0.2648443816006379,0.21933265361288956,0.11991892370723696,0.3687727249619914,0.4119759841432481,0.2637435910396854,0.19237236132436386,0.1155667433080294,0.2735585395223257,0.5608169916313523,0.5301920270763631,0.2462781627149255,0.19466555239187577,0.5323719952212257,22.608843741936766,-0.8169622372670411,0.523326872086946,86.95517774826638,1.481562922523756,117.40347111374021,2.375245369176396,130.03261764546608,6.127027611667106,13.929203412278634,11.857458528040048,-49.42706271137135,-1.7898666776154502,-75.20987810729166,-3.1512230163704547,-64.35121915582343,0.12209623678404036,-16.449929966432457,-12.193071247440328,1.3212858952876974,0.7000124015335143,0.10271258652944726,1.2979064783323186,0.7522985846964791,0.10688623713134818,15.05248840237692,4.601962346815506,5.2503392778232305,5.208454133429815,4.683725938913449,0.45071214152415073,0.2948546172464878,0.3041891714503792,0.0997279838610874,0.11083159957834704,0.6346371922754264,0.539437188413183,0.24471443260018,0.24843829322672234,0.3941658891724522,28.225330672786523,-7.156037741129002,123.2608140776206
60.63465958316651,0.8552132047704626,66.19853611015049,2.757810062191013,136.26629128436846,-0.023272056301206767,7.070949322100334,11.701785752451263,-102.17513465121215,-1.0062352597422024,-69.79029528947054,-2.7760201297992486,-79.27985492764233,-3.190149045577011,-14.421088585207322,-13.308606587973365,1.2078351189571774,0.5248255099792652,0.14997013227093794,0.6519806498842246,0.519107615122875,0.16135518371013974,0.5109821853298845,0.23396163966164893,0.20447901300884436,0.11828435389940238,0.39473208418175926,0.4380842135200335,0.1775356200837956,0.2747455177728023,0.14534984905933676,0.26759023191079667,0.5919864176635716,0.6838831689304251,0.2870148408666105,0.24828041293792194,0.5640042961502407,27.82770497996856,-0.9595003113038353,0.3367543050930938,69.6292993501383,1.2635117996105143,118.145483366897,2.498466417701702,109.99066483110916,5.247423407056866,13.732657063331501,10.303775912474727,-39.28414837313243,-1.1805432141441214,-76.51748568697948,-2.7963672509084683,-78.92045021394179,-5.569843209438796,-16.702982843821594,-14.824129853240326,1.0416875075039973,0.7245195186229436,0.09403133777384332,1.4011048301077582,0.794684596744854,0.0927866672676888,14.769748259856305,5.2708906954869725,4.491831643333189,4.885162085252614,5.529792872557754,0.38848305294552693,0.20043727377687093,0.2976352329434909,0.11880769016564294,0.056820660625599206,0.599527327066397,0.47283135745267063,0.1590458615935463,0.2858872930770854,0.44336741911147404,30.882529529638802,-7.688955074426783,150.60493500355528
62.767053583739745,1.126344050042989,86.82672339580522,2.5473632144275533,102.00952984995165,3.1243894197465183,5.008320406534251,14.277317616437553,-90.03985740380767,-0.21172561614798902,-124.62109215514111,-1.9671824153122237,-80.31879579365594,1.2935427509370045,-12.049153148212909,-9.889232811362115,1.0513317014027863,0.4084293402203599,0.15692494258622994,0.6791662164335872,0.44908252641214075,0.14057751407353836,0.5742106341157571,0.25028961276728406,0.2699844313261419,0.12559852205024813,0.2260146436365678,0.43708572131703427,0.2997784486288561,0.2785305340838548,0.12721548060220794,0.2191927962862187,0.5706941133691412,0.5455216504935116,0.21076769918760818,0.2825885917431899,0.4962655998332875,22.035091721346273,-0.7279730743979214,0.4574491050995737,66.73064288020366,1.1931275603327867,108.43062398470786,2.5612859152215024,116.09610175307981,6.368749027047928,14.193597707760338,10.209351527878887,-53.41863921026397,-1.4437379333310296,-61.90683588205508,-3.4862765844282855,-74.59895292430005,-5.462934145358752,-25.57725107287284,-15.742552287246623,1.2735373509697687,0.6727703780264636,0.12404979526950838,1.0877934868071424,0.7845389461059681,0.08810029753294532,13.951617036875861,3.871068218700534,5.341841399011497,5.337645690819149,6.379736830094021,0.4997297077700703,0.27493033769938074,0.25207372787304627,0.11202851654333564,-0.02458649884343317,0.6281354988167309,0.5494215644001905,0.19499232797593932,0.20055958098764146,0.5005645795827437,24.637009939997515,-6.821990302551877,136.30999539276246
97.94284239001826,1.4537290862900754,125.20481898292677,2.197746841003074,131.8515772885255,4.692656813023951,11.513061429384187,8.2354324363458,-91.60539009479136,-0.7244500189785957,-112.67864162998202,-0.9183561690989879,-77.39757741459752,-9.684450969871488,-27.679484374875983,-17.752045204385496,0.3166816175611561,0.2449855024194027,0.14542765400426078,0.9820228085771738,-0.14631034131480325,0.1184447579400304,0.4076347265447813,0.29135903012090403,0.2550741180632811,0.1459088815643305,0.2906585340888105,0.5098185205569886,0.3195609770100724,0.2300867316400127,0.055925845756685216,0.09501583270350689,1.0945387835612301,0.33759901438597506,0.0003708874638196358,0.17323523819700043,0.8025604520364674,26.430494725754482,-0.739766538407545,0.45326447183336815,56.79154589555746,2.029876314476753,110.6640434405407,1.5461668433137326,157.20971841297774,8.347442795452816,12.750147021270106,14.907070316512325,-61.61164728047399,-1.4784205054573523,-105.35401388394624,-2.8571220719414687,-62.97182685152864,-5.732770239795761,-30.536692561718823,-16.968794465396456,1.2042420673159884,0.41334259388683786,0.09612517989966521,1.5122733863679694,0.7817046210060171,0.10113458811684631,9.71693734729296,7.895188566648002,6.930111817909586,5.335481320697713,3.9508160028078256,0.4964371502042603,0.3420894776080838,0.33232653099207715,0.0974158359464714,-0.004344140051979806,0.3999892712496468,0.5353379075871639,0.15798806240087038,0.22649931631403356,0.5115243029435128,29.170655351229804,-4.921947405316875,158.5259375029589
84.6206539736488,-0.07966388544643599,116.4489877765613,2.109676947622261,35.2265130124824,3.221935014213958,4.976824811585514,8.72108563127382,-28.826431065258127,-1.0042330091980793,-121.57034252004684,-2.7839265863893154,-34.14834352101764,-5.476875855900984,-20.388401762278885,-16.366044031726858,0.28112950717347873,0.8120835403160853,0.12273604728888768,1.0323416371129075,0.28451239621315183,0.07817847942460891,0.486801923395446,0.3298044598755405,0.1577811578366746,0.06381936276296218,0.45498896617862156,0.6631789416511193,0.19930197158247429,0.08425386091598028,0.11753414565104417,0.109260165823511,0.8296797222494412,0.3676643754913157,0.4549059291246832,0.3046623973328732,0.6435289037509085,12.706698900086325,-0.6514075648691398,1.0162977325763078,61.0652082961674,1.5627073435126824,106.18895026419197,3.2786885675486026,103.27453456776651,7.7082540406234505,13.267538709134428,8.071040012927313,-69.1493518833582,-1.2546721891187125,-11.89372982201688,-2.6649475034730377,-96.43864518306808,-2.932765663832231,-28.36432454209188,-11.968992607223482,1.7131060754875587,0.35212156650416127,0.12439828398279287,1.3636218673960834,0.5007666080831186,0.06777699144014612,6.368610938602793,5.686369029633159,7.81484571128518,6.015148964439689,4.796536526168717,0.3680506838882419,0.2972183833013459,0.3177745399987494,0.15224179380137823,0.008162387380732994,0.3248945870942405,0.5465737946754627,0.20334594861110505,0.2244624254928013,0.5241848307090073,18.611377445943,-7.789904526845079,121.10067293418575
47.03329961440465,0.5106864227096348,67.48415132554558,5.6205769633709295,135.19711004559048,3.341127770151159,9.3277063877904,13.504393399875603,-34.78230036124458,-1.330718320154169,-107.51402831612843,-3.780086076813585,-77.57017304040028,-8.041853235912123,-23.949526526539643,-10.615959897344034,1.2534885597443934,0.10123957389117089,0.25506512838009043,1.2574541184287418,-0.10208761592059445,0.13973171950560362,0.4798618032892703,0.2374310065890053,0.16147361018904077,0.0708488512486364,0.17884604085720474,0.32893790289920566,0.06447128167638333,0.09076207702060116,0.10071710607196876,0.24725891091995017,0.42373725186908895,0.5837933318069042,0.19500425420757422,0.4324972837705554,0.7290789688617585,18.94455991096389,-0.09242630298805776,0.6094915194464581,32.87303142344641,1.7328285114351036,134.25991004598657,3.8498144624384505,155.56208099696653,9.82851863698207,15.170281126413627,10.921570086573745,-42.47662668604038,-2.1075891066831036,-74.24243819242362,-2.5172478583886373,-109.81230314460619,-4.718918142700219,-24.751540053567844,-16.152472854470137,0.7472253336845619,0.4614845678554912,0.15294782344683608,1.6904861609862594,0.845785933309199,0.11490756286312918,14.689498833960291,6.489956554911933,5.4025906266621115,5.844352171924738,4.355960842594511,0.6446443641191224,0.35454182323513883,0.3069389739762085,0.1332451566050726,0.05190655060612792,0.46091108950570514,0.4462456146536924,0.08235888422983409,0.26018505644916895,0.5003236859856428,23.490712141988375,-7.016772557820561,117.13788538095487
76.2289143787227,0.35730375502074885,117.20889321293816,3.1338672182818756,55.07398866583184,2.8688219714198797,12.89473840022379,15.716520216163538,-92.63609971104894,-1.4113251858311733,-105.08332348545109,-2.36502710794102,-44.76871106770474,-4.9144995986765725,-19.193891584400284,-15.997193350748049,0.7632899787505874,0.6591875392357587,0.14153718920464223,0.610712822683919,0.48057987332165375,0.14800350447033436,0.5042036309315673,0.25276921661603563,0.30627488617806736,0.11835883203034894,0.33397117529787856,0.5597921823638837,0.17133861503509323,0.2473845166819862,0.15231983102624577,0.3291133716612904,0.6290697568262982,0.4784721456840791,0.25729052868442526,0.2269881085253956,0.5359533908182574,27.20605137908533,-0.30497192686936503,0.6163000009089838,32.28915706369704,0.9366069345094927,-16.552990947726087,-0.3733279645044214,98.4664312848183,-2.2849704814583367,9.196952901820092,13.588288189590475,-38.47268335636935,-1.2239774892488642,-88.13578795236027,-3.7171742799456657,-99.56774942348149,-1.0852986092978325,-22.515196940996034,-15.799495129405429,1.2770083851843224,0.7602239903726888,0.12314684230723463,1.4501959965870226,0.6071546045872189,0.12726365242793844,9.273829988920234,9.64193904125171,5.201639575368769,10.054833559235707,2.472242689602431,0.47584487830079464,0.1499511438970623,0.29197156811906433,0.14315449061998325,0.23044631259131773,0.4934674998948879,0.36437528347833714,0.17815331214021163,-0.038444476799702865,0.4335103191610763,2.7497984577694154,-8.664753593120567,69.56545149470031
79.4709278316143,1.591219854962083,75.85367248852288,3.4248737905732085,94.00423251861032,3.6040356465710013,3.778239369058774,7.181153883768175,-78.56986140195765,-1.0745036894537092,-138.99537542446333,-2.681462733345913,-109.22850076170779,-5.750245505157281,-7.76994218159744,-8.878830390894624,0.6931079027462744,0.47564430302419936,0.241784450290571,1.0103058021102564,0.13223774944783084,-0.00947273308303015,1.2632071795861117,0.1626114026444788,0.2273804482926189,0.1591722935332051,0.5267349591996967,0.6219888519713573,0.10237329135801798,0.25371994338333126,0.13372979453340866,0.20484516353595408,0.6534828003785844,0.46054167412588753,0.3297688708415097,0.36508435483441815,0.5773184995716707,27.393195938944658,-0.6627293568291257,0.661003523569356,68.95567011254195,1.8469802453520399,95.82882271242978,1.602843786737334,130.4001310775721,8.003880311974418,14.030958011559065,15.333999616355655,-40.60601362712015,-1.116092935386165,-49.79527768551661,-3.60781671059917,-70.49357414684914,-5.704704099002019,-33.52221768377659,-17.192686044323814,1.1952208424641515,0.4994892015574855,0.1572771894914554,1.3124092852238105,0.8711587201517694,0.09557000037025207,12.659790420011086,6.0653163752004415,4.609691408068055,6.702351720038492,4.579897077486524,0.49334994447384006,0.36711458111975126,0.3327551094356342,0.09306007711772035,0.07745626461253707,0.4979492093963594,0.7737590862301686,0.21890989657009652,0.2190521940564058,0.3481362981336522,29.790825918825572,-8.490559184284901,119.43582827346094
140.39264535264567,1.0462824946113283,134.99684292810028,1.4097846361286535,90.90150560185569,3.9557076237271502,7.396900324201799,12.72048798108305,-101.64412209130046,-0.6808840955476108,-142.51779797179807,-1.329536252233007,-85.17847255962053,-5.779773514917918,-25.13938096013252,-7.824614004978681,0.4322379274836168,0.3752449985785062,0.07058654002822473,1.3494613159445272,0.5501425044231034,0.036378851844841784,0.35158223391549176,0.21411261523438058,0.18131596897239544,0.279973327777162,0.34857111948415503,0.4344258467224224,0.2683300648252554,0.33832966258900715,0.17438221452861052,0.14281072179262175,0.9146710232027117,0.49184718391861953,0.30072185900356996,0.26152658076265556,0.636372140092816,19.15797620823572,-0.2590229770937368,0.6123714339433064,58.346719761270215,1.147032884548261,97.87485497933922,3.248388718592685,125.16995476749024,6.770487601469236,15.932120797284107,10.227641965572996,-60.94061680706021,-2.504886769204873,-101.25457055629131,-2.4415779962207735,-103.1037126633309,-5.555321700896785,-16.175988535304008,-6.821890375873923,1.2522621975445167,0.48372269988660255,0.1275694619916315,1.314252879985109,0.6269907233691052,0.04943674263302095,9.535494524639876,6.515992713135177,4.680633403352398,6.498914785026404,4.909272288802767,0.5836501578326667,0.30293332363586534,0.3496110040115754,0.15679445205101858,-0.02729348902630302,0.49331452539298265,0.6144134005303394,0.1872148573333262,0.17402512896705008,0.5222911451497438,30.467710701698714,-6.9265590479357835,105.10825687593479
87.88005719193326,0.8558554486621988,61.77229970857448,2.524883976549095,58.838102729009634,2.632823224508297,4.547899980244479,9.383761348721821,-77.11732779574348,-0.7144103606274237,-145.14127347095626,-2.898082461989146,-34.84683203266596,-4.148292085900115,-12.94399135684348,-12.607742489502368,1.047750509575954,0.723547044780307,0.1927656607591021,0.6500469890814703,0.5839431327139895,0.12014168178934442,0.3069615543477304,0.24238425603194036,0.22734844001832452,0.13060941070033263,0.4043482936476534,0.44589340358062624,0.24859852805591495,0.24174717579756463,0.1432825420017878,0.295981418218024,0.4539059684207898,0.4991015687655118,0.23250865225896958,0.2694122601938618,0.6183884669085797,23.34040632022294,-0.4740267273441897,0.5786516036586158,84.69689513857065,1.737244543772183,111.16627186809018,2.6420508713697424,119.93946668829393,6.16589827478908,14.1033577911247,12.228962259113352,-45.09933011759426,-0.9805634755509421,-46.132028252705204,-2.7462042706813854,-59.61263683212383,-5.709380634434202,-34.905123079841175,-18.476120479685104,0.8825153007928945,0.697541805894442,0.11254738142345813,1.3396572139600396,0.6146703119165439,0.11662783370836854,14.160481704275249,6.145644643668664,5.411414382003545,5.123569809717188,4.924478314603481,0.41351713216022923,0.32625062383982867,0.3212779921057318,0.1368747708770535,-0.009580827525675184,0.42325469766985035,0.5083589198252245,0.19784896776585384,0.20126085339895142,0.3247205675419419,30.164352696551497,-7.136087289322394,156.73181276995308
97.69737649843708,1.1584153682656029,101.72326932636703,4.6816797635125535,81.36972399300089,2.0244960715968796,5.1774169718474585,5.302613128175113,-82.18655957650131,-1.4800910604875523,-87.66111036474906,-0.8671665045692247,-87.77389175341179,-9.32364044516024,5.530022753479457,-14.03329678182343,0.45113254220626575,0.9166775229072057,0.01658546971292979,1.7187143190633725,0.4310736996451916,0.1113682951968411,0.3456098452876041,0.2457548267847139,0.3862467974008019,0.08850792786498579,0.3043127783427431,0.1302459912145107,0.2936026438970478,0.5873559121897183,0.09035223442621809,0.3710099973549684,0.6704200369670203,0.707360361377586,0.22388360372625513,0.03659405285629802,0.3961981104135827,24.629675206059694,-0.6211008343471818,1.049634017666268,54.91570012547212,1.7544687326539106,61.37352244498236,2.7040542253382993,109.659628385393,6.658683782534944,11.425411188641805,12.457966852878915,-48.37283368873952,-2.0475368496562276,-66.3636731496435,-1.8898628096262002,-72.50367584260681,-6.266799409248279,-22.377270132424837,-21.50428249028085,0.3799434947643534,0.5330466245451766,0.17478698064171752,0.9071302068635188,0.9073291009035884,0.10819171693549015,13.17596958145083,7.21963963447517,4.754762370572246,4.311723168136575,4.299922743867295,0.27783471743624183,0.3313640571432127,0.2667527820518709,0.08220746878352474,0.03389521397552575,0.6008506119334219,0.49546026333751286,0.25789452185982686,0.09306079728308941,0.4032919944886792,30.109176540862634,-6.61291932252769,72.19192927614341
78.53572564772823,1.3140517785432893,98.7386589513381,1.783113467040284,62.55570082997082,1.331579058559024,10.470582178099189,13.649864884567087,-99.63397160356118,-0.9000113650447998,-48.97454937158296,-2.3269428178292113,-108.14815689875306,-4.891515278549657,-17.24442337218986,-7.711469496797367,0.9522333546930173,0.1635140379164089,0.10749877454171197,0.5154971754448965,0.6344112874998025,0.24162814111401257,1.0777483145501918,0.17061486273410673,0.325932539205429,0.07688275764900637,0.2738685151361369,0.23655340254932022,0.24766072580272044,0.45612492383714254,-0.00024166555439758541,0.01773440710299412,0.45805568422286186,0.49930858352964175,0.3271067811906002,0.15727182957722285,0.6435941674162482,13.355912883729824,-0.9239830179867617,-0.13959053631198115,57.10688308314563,1.4326955825702639,99.13678337008065,2.85668138327699,99.1666023620356,6.123625865727727,14.44466212995168,16.752679402789383,-48.323782057416715,-1.4782459148026215,-65.22863593314835,-2.9025115184720076,-97.15484172981476,-3.5022741487635827,-21.85640728993023,-13.178510120454062,0.9312829850967728,0.46478689374265836,0.11331973772081314,1.3720666537716815,0.63639263213686,0.08269228699578487,6.66035082248911,7.811501509061464,5.675364940261964,6.383460465398857,6.300040294650805,0.4420801591102252,0.2742456921705072,0.31568388640793493,0.13126549296943188,-0.07377020752920033,0.4316092670701014,0.6382273067404965,0.28548625909335995,0.18866150587561759,0.3019855328350508,24.300729145820476,-6.429083627147339,134.18220890836042
20.953431978561973,1.161819884429564,153.51332160365337,1.1479250014427798,48.66719429345197,6.333445141710164,10.32486828611462,14.82379350813685,-98.98722331642233,-1.3484739177129184,-95.97778045223902,-1.038394082593111,-54.359989666325085,-4.541495433144414,-14.24026280268146,-8.202547562096473,0.5487454806597516,0.3671608294580308,0.1305957505903929,1.5971105411703543,0.004334099076515496,0.026914100246324305,0.5046426019114093,0.40010064009039414,0.3211928204586173,0.0028446365718813316,0.2659888601613928,0.6455749393721517,0.19012181867487354,0.26972672692544836,0.10166710152667943,0.3126908089132583,0.5400498450399356,0.4684057410090393,0.334437088639716,0.2865443179143738,0.7339465159273315,22.754737794266017,-0.5460877965117433,0.296494253279764,52.44305889589332,1.886425238304547,91.12009795744254,2.7755506174555276,183.30610272218235,8.710937708804114,6.028731619819278,10.943373119688653,-52.68154838308425,-1.6802840217894743,-69.67004132928074,-3.06584812372056,-112.48753356787097,-3.1644481573432603,-14.062420235605927,-13.454009830691914,0.9950814253457092,0.5670727401716317,0.14943924185276974,1.4206804670790047,0.6492184555083689,0.18128694659965985,16.0572724599481,8.985273598395874,6.078001432033789,5.958420851269676,3.6851497995347033,0.5477812058673144,0.33369484492730134,0.28196281346823543,0.11374934265735692,0.22324714037356078,0.32675605399514235,0.5140613874805108,0.09080866842797036,0.4178919518210832,0.4632030011181427,38.02990629385698,-7.797278905544534,181.35218409157085
84.93082919143285,1.2416299462984415,62.962862658482955,5.250965804605505,44.491856676898024,4.011043158583604,7.450372167979705,18.298301319526487,-91.25378350055145,-0.8884627441728319,-92.66863609130866,-1.7181304183642068,-95.17218330019571,-5.373638673018943,-22.64932679646058,-11.294743807977557,0.2907978244386067,0.8029972071957157,0.19693075964472853,1.0792767324488381,0.44248618349379104,0.1677891252522292,0.1659557063525488,0.2612922919296266,0.49596243215257674,0.15653777687518292,0.3128294817334507,0.13374334664105814,0.24613374872969987,0.5111717202138659,0.056121221134623075,0.15933263509048187,0.563801106748002,0.7080720265908197,0.20605029120482593,0.35937371511559363,0.6158988867065458,13.636879138747416,-0.4969618500398484,0.14656798857663744,95.11902647933344,1.5019907093858187,115.10309470339743,1.866118671327,111.24834143877437,7.034784554820461,9.035047595727331,12.592810333500296,-40.76141307494082,-1.4075817329403704,-43.27620919717291,-2.79993527682098,-90.32173057085768,-3.0496444086336263,-12.117477643855121,-14.85336683996744,1.0777855705141546,0.7558134991112379,0.1424989124584805,1.3374907649489234,0.8806534667497352,0.12564924440394457,15.270082611054818,7.7090916962906535,4.6759416264073455,3.341575438109579,6.542641115613131,0.5729286304270563,0.33495120619228747,0.26057074931365615,0.11601832789103907,-0.00865133888180275,0.4570775817432852,0.6225914546931182,0.2238447224081842,0.0661073277221303,0.504444857895321,35.977538977893396,-8.05866335671101,165.518215796078
96.87146656517739,1.1965453950461815,139.61426050443336,2.0567690551293083,89.53944839185593,0.513594175829331,4.213697492532818,12.455304071569728,-84.87882685706603,-0.7491656888440097,-112.76918232161427,-2.2420918231307683,-118.4101141646908,-2.8036487366817067,-3.8160513469468924,-6.882939373449933,0.97671210679703,0.5243377647625866,0.159488101679557,0.7290825165112772,0.2514932693204275,0.1592689643433597,0.47165077351544615,0.3071090525334325,0.21751039900143776,0.09626286798707062,0.3467271085391541,0.31499503869790185,0.20397075248069169,0.3101196794020635,0.1688077115909301,0.33663595419251346,0.5676587295585298,0.46606871891277757,0.2712077482580092,0.2832232150395337,0.4837069168688949,25.326361221546673,-0.6870146476950749,0.4491723993294746,96.01879228296028,1.315275818447177,119.6249449567087,2.353769292944276,109.203011340379,5.581258698480499,11.33527519513473,13.974999311095056,-24.989061940794336,-1.5272075083337286,-24.933609933686014,-2.8619898292349264,-59.3944606422347,-6.173324126209724,-36.0794131387103,-13.973832369586571,1.4286212197766637,0.630858586695039,0.11876703892995705,1.0729304133707895,0.7901802299305467,0.12418039775916327,15.547349469757954,4.980394234646809,5.137728317302145,2.9436334053471,5.766094568926491,0.47122681759238144,0.31838807754457027,0.3422740403561126,0.11190006773041207,0.12417865743946321,0.5500434012326879,0.5746030984413646,0.20610947325070803,0.21952885422137447,0.3328556627883007,23.85933375670228,-6.772298463220819,134.00962763287706
94.48266012747689,1.061669328043443,-12.184668896464729,2.0361632025440555,96.6035769112701,3.1220199752841538,0.15009370879370465,5.607945975812316,-112.60350910801785,-0.7269995975261296,-95.07319383663354,-1.1486175144841073,-78.03165433612509,-7.082050890488674,-20.98140640610019,-7.095094852571124,0.5542721138968656,0.8688625568147681,0.15406241571145987,0.1473949464548132,0.38949408403288643,0.09964349571164284,1.078435869475058,0.05529575541360293,0.21885530077763357,0.136282773664939,0.1198940169208379,0.12505787782779165,0.2753098188290842,0.3287299433757359,0.13756767363300731,0.2808963466585758,0.6269192429606592,0.9120489114109646,0.20411538490223904,0.35172331742176555,0.4715163292908608,15.710933041373204,-1.2279637374693286,0.16509954000121796,60.58276283735817,1.720159611636573,83.04383828665696,3.260159753342789,121.32802397020255,9.544077943674132,14.836327616880345,12.599357478811255,-59.680689629912294,-2.065151106822421,-59.32156162942468,-2.9373243662490705,-77.46068377167413,-1.5782158361509726,-20.67569478020992,-12.622688675627156,1.4734696145492585,0.508435584475977,0.11012375673794753,1.1590292678506235,0.6722443158595963,0.09054394122937856,9.872558741100804,6.226438486866158,4.299452160906382,4.705003906988357,4.3707844314423365,0.5243264790276269,0.34994883692759554,0.36055797548792157,0.1232091058270351,-0.009917954220746983,0.5695276970297108,0.4479233489776999,0.20413396328345873,0.182433331138696,0.4362179299371191,22.26866144514674,-7.059821636632041,163.45867200792293
96.93693799265247,1.7840586063989514,93.85684842294758,1.7081877547921254,32.689709518084385,4.465311388140128,4.613142834981007,15.639755723598809,-99.89897558838238,-1.0039905221079606,-139.2320834500953,-1.3680944309101506,-23.670454661093274,-2.777162208921286,-9.339697035076263,-10.429244785257426,0.3082465217028306,0.744238804214006,0.21142505158001,1.0858328887284736,0.7436638666040836,0.05692546603550096,-0.05213305772347976,0.2750668065426775,0.44828977953598725,0.18090847624252485,0.5777786453941406,0.010104349856464467,0.15508490018551174,0.2903585022097792,0.1549417408853524,0.5970399806818448,0.16167635273531006,0.9630213780524343,0.25748396388912387,0.2598014584832931,0.704487245638846,11.961030504982677,-0.77214784998919,0.7239908451947068,50.92429274018333,2.4528953543645162,108.34644073868539,2.615115362893313,154.16934600892438,7.860123637088154,15.315253890759172,16.477512238434485,-63.246389889057404,-1.9814681432417172,-72.6146064628542,-2.9291864958862823,-83.60135520821942,-1.0675416310568142,-9.718806566403707,-11.81842212557884,1.1317397143250485,0.5360115471580229,0.09261299563898043,1.4425874442876692,0.47552441774050924,0.1204656381063222,11.311921533779753,5.812573036603519,5.719234301774177,3.9821735684431108,6.59572225616113,0.5648827736971379,0.27154563089229833,0.37901871828024747,0.24770960731602412,0.15038495790070083,0.28423080523179856,0.7083759450346911,0.2564982102977892,0.2824762630535293,0.4907245230102254,21.542725032153417,-7.554051887387768,205.4562665071661
75.02656105796477,1.8010756446608993,29.7465562522991,3.173884501763961,77.74877433900454,-0.27898499683167444,13.15514863501002,17.045072480984174,-86.90494686598211,-0.3283896193053881,-124.22704019824111,-3.6549808812041666,-61.599403447738545,-8.309579862186244,-28.000377392854922,-13.53224903020549,-0.10452584675322085,0.5335668187844277,0.14125098501460726,0.9438061609452414,-0.09561840554352374,0.11345825579123163,0.617721138339297,0.22806116630644419,0.36084594544290627,-0.058674576717905574,0.5740151753556902,-0.024004010776546902,0.1959514901282422,0.4998646144511443,0.16698185247384692,0.16585235903819015,0.6892373104194375,0.15113164339080454,0.46028054568617993,0.11981769284178259,0.6882089494422279,24.847442413430432,-0.35815059487704193,0.45995600526686475,87.82778499371798,1.8267596115600728,71.43988020398643,2.245752901783642,133.11258472705376,7.579666658475009,10.513104684029079,10.887358654250445,-26.509281460992746,-1.9859347541585852,-61.51693760157965,-1.6815704635211348,-81.61482327518769,-2.681801987939324,-28.482630659389535,-16.172827894044605,1.1032730768385057,0.29364653065694823,0.21285282541429074,0.9315403437386887,0.7705329044974104,0.10426169826065315,13.080519668598429,5.725114269454253,6.025940167007355,5.0123583206349895,5.5434026397724985,0.6908684802965828,0.1862320914891702,0.39772541216772817,0.12223382322750705,0.14263312237702777,0.5037392388679303,0.35551078268183417,0.14122664252373562,0.20061791643224952,0.40084335991797526,30.26489468190518,-5.962169893054723,188.75357215254598
70.55780704360492,0.9733874664893976,100.08523271239856,2.7180366513506464,109.68354124663225,1.301410210864967,3.2107851886196297,9.544384814030547,-70.10047261124667,-1.0384451663327994,-193.95234479415825,-2.137628492895031,-57.51279047104515,-5.262479087705818,-2.2560028889208965,-9.79332567605173,0.2738202454646217,0.46536701247844525,0.10945571560966841,1.2049570636071394,0.37002860239923946,0.11937389874528702,0.3947884514370956,0.22427781321975443,0.23706274342073128,0.13204798178030877,0.439748855884297,0.3282467456540543,0.24727607168704846,0.31030050552177074,0.15323864955894506,0.2583579053986425,0.5819036668937848,0.6131412080068468,0.22920501175006977,0.16338735341655314,0.49548264369527933,26.574933855916903,-0.28018060006767054,0.4746338142941039,81.9182005142493,1.275444924959409,101.06992190511342,2.4669652165234965,99.33782595968799,6.081727579437711,12.302321475665934,12.898135935462186,-47.40555353236489,-1.9597475415890537,-64.86437199063974,-2.903863904215934,-81.22561042086133,-3.166065892192764,-20.128892718743515,-14.25275460860243,1.063365882867946,0.5918670310951596,0.10685170406379237,1.541121037127437,0.6899545176116123,0.11729030772456583,12.737732752854923,5.620243561685865,5.231400350686498,5.842758685599738,5.997100344882403,0.442222880021461,0.2776115542514356,0.341875945991955,0.12494461972333244,0.022268292075207474,0.47165422273190116,0.4934494208771563,0.22830759854097266,0.25072182797052556,0.35107025328177693,28.12556464542344,-7.616458363875196,137.11214152184576
36.446154100081415,0.2848576740852744,108.4615726193401,3.487888541297406,99.33797971433363,1.0987742119315058,4.7657502854728335,16.105199349500534,-92.1983408409593,-0.839281512554955,-102.06436050313823,-3.1629071885839783,-76.12362465781419,-4.104914594320728,-26.11326289875686,-9.236367313875757,0.5578636980389238,0.21121261026395732,0.11923896602618965,1.464589997505571,0.37400885553083474,0.10733310409099059,0.440381850789734,0.32591330395038587,0.45968195390562616,0.1260643048170888,0.24569517884398975,0.4598850423108581,0.2727576055162016,0.3948679626841434,0.18601072146450617,0.21072866984135377,0.9510571081275584,0.6909155740904793,0.15829756852971028,0.2817336516256263,0.6898746278308654,32.06560226751604,-0.7233810615527418,0.2933821054930429,73.33096926020052,2.074956702319408,130.9762507638623,2.8767676598794036,110.86891842649659,5.97174587696382,13.802943739283021,10.137436852399777,-47.12291775555508,-1.5288515703324455,-50.55446423874215,-2.8591880628678976,-73.6890229045652,-2.4702978787930876,-19.882490923142015,-14.262675785141111,1.2868436749467582,0.5754243372359046,0.11494772734004956,0.6166140363687053,0.6556720703472942,0.11189137312299646,7.407634196966348,6.073111980637587,5.673139602466998,5.953781727603501,4.456896485334368,0.4319148275664599,0.24959013928128568,0.3060374766099679,0.12338092516686813,0.18985517770392477,0.48540668587873037,0.6222544667615039,0.1963246228721378,0.2816221545486262,0.48598542472938155,23.829376235707976,-7.888035586502252,119.80981210527919
68.53692231554083,0.9211959704243755,101.00950576643999,3.7050183308279743,31.381214253854154,6.104048969572363,6.949989886946351,9.948132789545188,-73.17632016944867,-0.8649934579506282,-105.69588304582597,-0.12591887876198538,-148.82379546741126,-6.810108451464823,-27.46870802308348,-9.395459674500795,-0.3136864327360449,0.5470736893409026,0.13732671056968807,1.1341681734167386,0.5584016162737122,0.06797351901516296,0.028889234922047313,0.25003160648807893,0.6613109417792243,0.2065389298935889,0.46619415937699227,0.4459915068944929,0.15848124637759958,0.26326880958056215,0.06364559805694302,0.07667983656276234,1.0038020633473372,0.4773001705334695,0.5012809109399721,0.010415426190001575,0.7576551012074787,8.478916785698722,-0.4960944390437463,0.6736477671060377,47.47900100493601,1.2946602774647271,130.3529256084778,2.0378538421207737,92.90983271191405,7.531557241360852,13.07896672825237,12.638321653656584,-28.727516780028985,-1.2895598359823384,-73.48289275846655,-2.7867259599184666,-70.4781103871771,-1.6097807182680537,-11.143572208469259,-15.998944033173245,1.212891940004352,0.409189138795352,0.14907779739606888,1.7662758497208397,0.5832298107680897,0.10181694605300268,8.71491071625261,6.9032705208226375,7.3548963789932,5.058217471428217,7.2844080698450675,0.5731007269044882,0.30996767192948904,0.2527198517923177,0.09109080578085985,-0.025964727644309293,0.6011704173232746,0.5953685940859316,0.18496485166255439,0.2515597244872597,0.5356525298690126,22.16069243331158,-7.43222083275211,133.35602195125915
79.58860319623486,0.48316554448801763,111.45776973223309,4.226341828622833,103.00451002299533,2.800457956120511,0.22002695459497268,10.285404654395695,-68.62299745351991,-0.6040101454179196,-125.76884666452446,-2.471949947543629,-56.431074822047194,-6.150387449720978,-13.030122626129362,-12.68781174925691,0.9074577181318791,0.5293769903783707,0.10552977839530818,1.4229535900304302,0.29924314331219093,0.13047183475975516,0.6520002269633951,0.3810296528584731,0.25298679060020535,0.15701984090785842,0.39187710961677585,0.058270859940973196,0.20259855157741374,0.42282728345687215,0.12220701200415601,0.12923918727051137,0.7643902875654848,0.4851024378284004,0.15636349361052468,0.366043217980859,0.4941351776366898,6.23016137184041,-0.6062024269508719,0.3250500798371384,68.60676577843364,1.5004997615368394,81.5042897514504,3.6605010283321615,90.31815841736784,8.16620109733842,15.961822027427445,10.493137368177525,-46.17759998213148,-2.0083336266484775,-52.39475336138064,-2.3560853240747375,-86.12132449606723,-0.6770717070713816,-24.83447072960749,-15.710197612361402,0.9596844973904677,0.5112889630905366,0.1673070826392653,0.9438469103470855,0.8407744225268731,0.06356811291222461,12.704193301006299,5.315031613866944,5.903507790365025,4.446069307377213,5.457312756138606,0.5337485533210343,0.35076165430714873,0.27844204086159413,0.14722044287674982,0.024192740946767155,0.4607938644797886,0.5926388809885622,0.14258859016125358,0.23700814874757614,0.5506376081004059,18.710312089744725,-6.657916611871196,137.41760552971658
55.70857552355483,0.8705432269845381,90.82583982771077,0.6415165327130583,90.05667346770962,4.204637856279094,8.984254753739858,7.999866595940261,-78.56549663044295,-0.776089376870019,-98.96136796613384,-3.9344615123473927,-89.50128215139372,-2.531228251512037,-10.827726948682475,-8.498465033986761,0.44367778808424685,0.5793372733222933,0.18749253388721823,1.1726868905972203,0.46797088866221614,0.042975952479942875,0.36940351346138633,0.26355892281858323,0.24038273585403558,0.08325704642829769,0.4045332767113426,0.14544091974363865,0.09479507873546178,0.37206530401479065,0.05275397499329815,0.42987686089876387,0.6354229179564239,0.2812812990557,0.29664364629247447,0.21349723660866568,0.6230627171309491,20.096622708267613,-0.535392314088879,0.6232221048641682,47.38907292199865,1.4354647826410682,97.63384070433818,2.8563848557388476,103.51840036908425,6.3247272476206,12.87466771391443,15.610365358635207,-62.192472635268714,-1.4388930426622446,-44.70886107746293,-3.023901995400736,-90.38975864264077,-1.0649470199170317,-30.91320614479104,-10.699920321977197,1.088824983523076,0.3967783101412517,0.1791169009427397,1.524688725760103,0.5942543031056526,0.062306419301163235,12.182901122532,6.959704829077895,6.553503187371035,5.545660781324977,5.151717917958123,0.41505158980200096,0.32069517085680355,0.3985150883881717,0.08578505227961264,0.059739446185952616,0.5502135576532854,0.5957759725887877,0.14179309302146412,0.1488570565647017,0.4995047724631427,25.47270283948292,-7.474119829955069,134.81205088966087
159.40437009853332,0.8500898028509485,116.73419584177277,2.923876246081629,192.4752197778448,-0.629773628464573,6.541184546967202,12.556351916701189,-96.76953833547209,-0.8287977564187369,-135.64157594325457,-0.059485798713939,-106.58051722089638,-6.66978805125669,-10.064642146423335,-23.271018292052734,0.6484057052127324,0.33881444924809034,0.2625108713728426,0.18457444244872234,0.7319978104933145,0.12568320198235397,-0.17913977753260302,0.23361328961550412,0.37027743980706695,0.18425985357115543,0.2249756207878235,0.44188114432028125,0.2260560786819197,0.13991283338225657,0.07198937377177045,0.11580690979523106,0.9825685102049063,0.7389122381386064,0.1202148047588221,0.2234317239131774,0.656761007975494,20.78585397969978,-0.04992593546019142,0.6401745807688255,68.88150369283129,1.6942924978403386,109.49368099218425,2.9662787927601517,147.742163360848,7.006268085805214,13.573959517807054,9.568819014191964,-54.287816103992995,-1.8068213700859928,-37.91478741141111,-3.579854472574129,-73.31945151917714,-4.044049046531924,-22.84124544100453,-9.923477406690989,1.1438772489367781,0.38954007460025114,0.12616386775403388,1.1232991404437531,0.7863603689091387,0.11998475208389744,13.86470267549578,7.1197239720397425,3.0174885429295464,6.767765026499898,4.616935264989082,0.4199143545193873,0.26710617367724476,0.360478716881483,0.12933834508362724,0.02642729649468134,0.33516327766235354,0.7383725821283316,0.11776314885155892,0.2635423236401646,0.47152204013795657,27.562219144246562,-7.465526087622482,173.058860526552
76.44947341508981,0.8750507121621391,44.110112241113924,1.8838550383104207,130.28393947875605,0.9400318252533424,8.788879527705014,9.501686297092242,-87.12664954609399,-0.9461116249776542,-134.0139455144614,-1.7342634141718034,-26.1055619495598,-5.282591666855309,1.4473922754995812,-12.791235986482471,1.0041630610556396,0.40104561202894995,0.16151986737235915,0.6702849560142013,0.3165660778945832,0.03711247886645555,0.42810230273620037,0.25930694608190863,0.5754260907774249,0.07297677805225743,0.5984271200707768,0.3878791498287353,0.08275260591884234,0.3326896889871339,0.10170603803816916,0.21535657641555908,0.5581510195453411,0.6704075331599019,0.411992550664538,0.3132695797125646,0.6157793752174683,14.693762313537166,-0.6087592109285199,0.5690757216797768,64.46262614442726,1.867320736940417,110.72961613948269,2.171410399557325,113.66760741303332,4.988984246356855,7.474129132917925,12.543523146471548,-29.960562554700573,-2.256450502903201,-71.72078836662688,-2.2750128471368223,-84.38975753601542,-5.279395718096976,-55.96427706700295,-13.410528473180214,1.1418417402496805,0.49345855104141567,0.14130878539748623,1.312857539944051,0.7012952821095584,0.16080831037254625,15.554014405242023,4.3190619593856585,5.434302383060359,4.758863744773369,4.93784698026097,0.42564979525518426,0.29133342473895196,0.35087443053868606,0.16562700534831434,0.14858313834485784,0.646262977292507,0.5203945989946409,0.17563615466914123,0.2016552065470621,0.5000366505606244,24.63349041625443,-7.256593671647515,147.9368187851128
99.90462962852018,1.3171854021919658,74.6719790326431,3.2918246368353326,92.86459144430316,1.0152755433337868,4.523990763753478,12.80054337021531,-95.91535947825359,-1.0715113987616443,-126.39524879949768,-3.480354330517218,-58.77177828917507,-5.411383533923671,-8.256987073773132,-14.835859994591994,0.9961623639737551,0.5763186569741843,0.1921745462228207,1.358671665895016,0.31250511118773444,0.09999808095072296,0.4768000915561302,0.293493193768765,0.4740312217026085,0.05346073646496792,0.5963372271433665,0.6480363903149879,-0.005211527235183866,0.457674208775416,0.10168262070563619,0.2061163517425399,0.9271079769736073,0.700281121552019,0.374521407949194,0.36327914254080096,0.48083780974676466,22.512320048468673,-0.8639171620956568,0.21160106932590417,58.888678489142,1.6743767046866385,92.52491228403333,4.246859293440714,150.217423068061,7.0018340381449224,8.927750429590201,15.690621582214206,-44.29884629230669,-1.866655388794455,-49.062597037748766,-2.830078513986329,-47.850951108657725,-7.765438489745602,-31.08370246949109,-17.29534805127225,0.872055086307599,0.3258231636534248,0.13828725661741392,1.0842545608241614,0.6125918530312217,0.14347458975066624,12.39241011321623,6.083376794906762,5.444689140290162,6.167852066144331,5.320760593699318,0.49974107001737256,0.2608869983539435,0.4206533196680516,0.13100533908996695,-0.027085227035882675,0.4591114220865513,0.5346370502853114,0.2714722904072625,0.2883409844146623,0.4070400826996549,23.935530060100835,-5.535644808028576,140.32994053422047
